{
  "mean": [
    0.4915494918823242,
    0.4821242690086365,
    0.4464273750782013
  ],
  "std": [
    0.24715226888656616,
    0.24367482960224152,
    0.26173463463783264
  ],
  "classes": [
    "airplane",
    "automobile",
    "bird",
    "cat",
    "deer",
    "dog",
    "frog",
    "horse",
    "ship",
    "truck"
  ]
}